Dataset,Method,AUROC,AUPRC,F1,Correlation
VAR,NRI,0.5,0.11052631578947368,0.1990521327014218,0.0
VAR,NetFormer,0.49633699633699635,0.10343491270000481,0.04040404040404041,-0.03526700619597012
VAR,LINT,0.48823612285150747,0.11127932171160314,0.08080808080808081,-0.022682862099909867
Hawkes,NRI,0.4512538743307974,0.10774556955141028,0.06060606060606061,-0.04300117757269446
Hawkes,NetFormer,0.496407438715131,0.10359323731492252,0.04040404040404041,-0.03420776315958145
Hawkes,LINT,0.4887996618765849,0.11155840344322346,0.10101010101010101,-0.022337619325245972
