{
    "pi_cook": 0.21012658227848102,
    "pi_leifer": 0.5436454093170511,
    "mono_densities": {
        "dopamine": 0.006012658227848101,
        "serotonin": 0.003322784810126582,
        "tyramine": 0.004588607594936709,
        "octopamine": 0.0015822784810126582
    }
}